k,err_3_8_orig,err_3_8_mod,delta_reduction,mean_angle_deg
5,31,61,-30,18.000013
10,22,26,-4,9.000024
20,22,29,-7,4.5000296
